{
  "best_dev_eer": 0.006144740748000789,
  "eval_auc": 0.9252883795711804,
  "eval_eer": 0.13703393925377924,
  "eval_loss": 1.488818846819203,
  "train_size": 25380,
  "dev_size": 24844,
  "eval_size": 71237
}